<?xml version="1.0" encoding="UTF-8"?>
<configuration>
	<include resource="org/springframework/boot/logging/logback/defaults.xml"/>
	<include resource="org/springframework/boot/logging/logback/console-appender.xml" />
	
	<appender name="ROLLING_FILE" class="ch.qos.logback.core.rolling.RollingFileAppender">
		<file>logs/shop.log</file>
		<rollingPolicy class="ch.qos.logback.core.rolling.TimeBasedRollingPolicy">
            <fileNamePattern>logs/shop.%d{yyyy-MM-dd}.log</fileNamePattern>
        </rollingPolicy>
		<encoder>
			<pattern>%d{yyyy-MM-dd HH:mm:ss} %-5level %logger{20} - %msg%n</pattern>
		</encoder>
	</appender>
	
	<root level="INFO">
		<appender-ref ref="CONSOLE" />
		<appender-ref ref="ROLLING_FILE" />
	</root>
	<logger name="com.mycom.springbootjparoleshop" level="INFO"/>
</configuration>